{
  "overall": {
    "precision": 0.7765898474368916,
    "recall": 0.6749226006191951,
    "f1": 0.7103436515136293,
    "num_samples": 568.0
  },
  "class": {
    "Data Retention": {
      "precision": 0.75,
      "recall": 0.13043478260869565,
      "f1": 0.22222222222222218,
      "num_samples": 23.0
    },
    "Data Security": {
      "precision": 0.8076923076923077,
      "recall": 0.7368421052631579,
      "f1": 0.7706422018348624,
      "num_samples": 57.0
    },
    "Do Not Track": {
      "precision": 1.0,
      "recall": 0.4,
      "f1": 0.5714285714285715,
      "num_samples": 5.0
    },
    "First Party Collection/Use": {
      "precision": 0.7704918032786885,
      "recall": 0.8245614035087719,
      "f1": 0.7966101694915254,
      "num_samples": 228.0
    },
    "International and Specific Audiences": {
      "precision": 0.9782608695652174,
      "recall": 0.8490566037735849,
      "f1": 0.9090909090909092,
      "num_samples": 53.0
    },
    "Introductory/Generic": {
      "precision": 0.75,
      "recall": 0.5655737704918032,
      "f1": 0.644859813084112,
      "num_samples": 122.0
    },
    "Policy Change": {
      "precision": 0.9523809523809523,
      "recall": 0.6896551724137931,
      "f1": 0.7999999999999999,
      "num_samples": 29.0
    },
    "Practice not covered": {
      "precision": 0.5306122448979592,
      "recall": 0.26804123711340205,
      "f1": 0.3561643835616438,
      "num_samples": 97.0
    },
    "Privacy contact information": {
      "precision": 0.8974358974358975,
      "recall": 0.7291666666666666,
      "f1": 0.8045977011494253,
      "num_samples": 48.0
    },
    "Third Party Sharing/Collection": {
      "precision": 0.8197674418604651,
      "recall": 0.7921348314606742,
      "f1": 0.8057142857142857,
      "num_samples": 178.0
    },
    "User Access, Edit and Deletion": {
      "precision": 0.8947368421052632,
      "recall": 0.5,
      "f1": 0.6415094339622641,
      "num_samples": 34.0
    },
    "User Choice/Control": {
      "precision": 0.7021276595744681,
      "recall": 0.6947368421052632,
      "f1": 0.6984126984126984,
      "num_samples": 95.0
    }
  },
  "report": {
    "Data Retention": {
      "precision": 0.75,
      "recall": 0.13043478260869565,
      "f1-score": 0.22222222222222218,
      "support": 23
    },
    "Data Security": {
      "precision": 0.8076923076923077,
      "recall": 0.7368421052631579,
      "f1-score": 0.7706422018348624,
      "support": 57
    },
    "Do Not Track": {
      "precision": 1.0,
      "recall": 0.4,
      "f1-score": 0.5714285714285715,
      "support": 5
    },
    "First Party Collection/Use": {
      "precision": 0.7704918032786885,
      "recall": 0.8245614035087719,
      "f1-score": 0.7966101694915254,
      "support": 228
    },
    "International and Specific Audiences": {
      "precision": 0.9782608695652174,
      "recall": 0.8490566037735849,
      "f1-score": 0.9090909090909092,
      "support": 53
    },
    "Introductory/Generic": {
      "precision": 0.75,
      "recall": 0.5655737704918032,
      "f1-score": 0.644859813084112,
      "support": 122
    },
    "Policy Change": {
      "precision": 0.9523809523809523,
      "recall": 0.6896551724137931,
      "f1-score": 0.7999999999999999,
      "support": 29
    },
    "Practice not covered": {
      "precision": 0.5306122448979592,
      "recall": 0.26804123711340205,
      "f1-score": 0.3561643835616438,
      "support": 97
    },
    "Privacy contact information": {
      "precision": 0.8974358974358975,
      "recall": 0.7291666666666666,
      "f1-score": 0.8045977011494253,
      "support": 48
    },
    "Third Party Sharing/Collection": {
      "precision": 0.8197674418604651,
      "recall": 0.7921348314606742,
      "f1-score": 0.8057142857142857,
      "support": 178
    },
    "User Access, Edit and Deletion": {
      "precision": 0.8947368421052632,
      "recall": 0.5,
      "f1-score": 0.6415094339622641,
      "support": 34
    },
    "User Choice/Control": {
      "precision": 0.7021276595744681,
      "recall": 0.6947368421052632,
      "f1-score": 0.6984126984126984,
      "support": 95
    },
    "micro avg": {
      "precision": 0.7841726618705036,
      "recall": 0.6749226006191951,
      "f1-score": 0.7254575707154742,
      "support": 969
    },
    "macro avg": {
      "precision": 0.821125501565935,
      "recall": 0.5983502846171512,
      "f1-score": 0.66843769916271,
      "support": 969
    },
    "weighted avg": {
      "precision": 0.7765898474368916,
      "recall": 0.6749226006191951,
      "f1-score": 0.7103436515136293,
      "support": 969
    },
    "samples avg": {
      "precision": 0.8057511737089201,
      "recall": 0.7482981220657278,
      "f1-score": 0.7422116029510395,
      "support": 969
    }
  },
  "slices": {
    "class": {
      "selected_cats": {
        "precision": 0.8571428571428571,
        "recall": 0.5454545454545454,
        "f1": 0.6666666666666665,
        "num_samples": 12
      },
      "short_text": {
        "precision": 0.9285714285714286,
        "recall": 0.8666666666666667,
        "f1": 0.896551724137931,
        "num_samples": 11
      }
    },
    "overall": {
      "precision": 0.8913043478260867,
      "recall": 0.6990777338603427,
      "f1": 0.7766116941529235
    }
  }
}