{
  "overall": {
    "precision": 0.7496688476343528,
    "recall": 0.6842105263157895,
    "f1": 0.7079473787056457,
    "num_samples": 568.0
  },
  "class": {
    "Data Retention": {
      "precision": 0.6,
      "recall": 0.2608695652173913,
      "f1": 0.36363636363636365,
      "num_samples": 23.0
    },
    "Data Security": {
      "precision": 0.8235294117647058,
      "recall": 0.7368421052631579,
      "f1": 0.7777777777777778,
      "num_samples": 57.0
    },
    "Do Not Track": {
      "precision": 1.0,
      "recall": 0.8,
      "f1": 0.888888888888889,
      "num_samples": 5.0
    },
    "First Party Collection/Use": {
      "precision": 0.748,
      "recall": 0.8201754385964912,
      "f1": 0.7824267782426778,
      "num_samples": 228.0
    },
    "International and Specific Audiences": {
      "precision": 0.9791666666666666,
      "recall": 0.8867924528301887,
      "f1": 0.9306930693069307,
      "num_samples": 53.0
    },
    "Introductory/Generic": {
      "precision": 0.68,
      "recall": 0.5573770491803278,
      "f1": 0.6126126126126127,
      "num_samples": 122.0
    },
    "Policy Change": {
      "precision": 0.8947368421052632,
      "recall": 0.5862068965517241,
      "f1": 0.7083333333333333,
      "num_samples": 29.0
    },
    "Practice not covered": {
      "precision": 0.543859649122807,
      "recall": 0.31958762886597936,
      "f1": 0.40259740259740256,
      "num_samples": 97.0
    },
    "Privacy contact information": {
      "precision": 0.8974358974358975,
      "recall": 0.7291666666666666,
      "f1": 0.8045977011494253,
      "num_samples": 48.0
    },
    "Third Party Sharing/Collection": {
      "precision": 0.7900552486187845,
      "recall": 0.8033707865168539,
      "f1": 0.7966573816155988,
      "num_samples": 178.0
    },
    "User Access, Edit and Deletion": {
      "precision": 0.85,
      "recall": 0.5,
      "f1": 0.6296296296296295,
      "num_samples": 34.0
    },
    "User Choice/Control": {
      "precision": 0.673469387755102,
      "recall": 0.6947368421052632,
      "f1": 0.6839378238341969,
      "num_samples": 95.0
    }
  },
  "report": {
    "Data Retention": {
      "precision": 0.6,
      "recall": 0.2608695652173913,
      "f1-score": 0.36363636363636365,
      "support": 23
    },
    "Data Security": {
      "precision": 0.8235294117647058,
      "recall": 0.7368421052631579,
      "f1-score": 0.7777777777777778,
      "support": 57
    },
    "Do Not Track": {
      "precision": 1.0,
      "recall": 0.8,
      "f1-score": 0.888888888888889,
      "support": 5
    },
    "First Party Collection/Use": {
      "precision": 0.748,
      "recall": 0.8201754385964912,
      "f1-score": 0.7824267782426778,
      "support": 228
    },
    "International and Specific Audiences": {
      "precision": 0.9791666666666666,
      "recall": 0.8867924528301887,
      "f1-score": 0.9306930693069307,
      "support": 53
    },
    "Introductory/Generic": {
      "precision": 0.68,
      "recall": 0.5573770491803278,
      "f1-score": 0.6126126126126127,
      "support": 122
    },
    "Policy Change": {
      "precision": 0.8947368421052632,
      "recall": 0.5862068965517241,
      "f1-score": 0.7083333333333333,
      "support": 29
    },
    "Practice not covered": {
      "precision": 0.543859649122807,
      "recall": 0.31958762886597936,
      "f1-score": 0.40259740259740256,
      "support": 97
    },
    "Privacy contact information": {
      "precision": 0.8974358974358975,
      "recall": 0.7291666666666666,
      "f1-score": 0.8045977011494253,
      "support": 48
    },
    "Third Party Sharing/Collection": {
      "precision": 0.7900552486187845,
      "recall": 0.8033707865168539,
      "f1-score": 0.7966573816155988,
      "support": 178
    },
    "User Access, Edit and Deletion": {
      "precision": 0.85,
      "recall": 0.5,
      "f1-score": 0.6296296296296295,
      "support": 34
    },
    "User Choice/Control": {
      "precision": 0.673469387755102,
      "recall": 0.6947368421052632,
      "f1-score": 0.6839378238341969,
      "support": 95
    },
    "micro avg": {
      "precision": 0.7559863169897377,
      "recall": 0.6842105263157895,
      "f1-score": 0.7183098591549295,
      "support": 969
    },
    "macro avg": {
      "precision": 0.790021091955769,
      "recall": 0.6412604526495037,
      "f1-score": 0.6984823968854031,
      "support": 969
    },
    "weighted avg": {
      "precision": 0.7496688476343528,
      "recall": 0.6842105263157895,
      "f1-score": 0.7079473787056457,
      "support": 969
    },
    "samples avg": {
      "precision": 0.7901995305164319,
      "recall": 0.7545481220657276,
      "f1-score": 0.7393947015425889,
      "support": 969
    }
  },
  "slices": {
    "class": {
      "selected_cats": {
        "precision": 0.8076923076923077,
        "recall": 0.6363636363636364,
        "f1": 0.7118644067796609,
        "num_samples": 12
      },
      "short_text": {
        "precision": 0.8666666666666667,
        "recall": 0.8666666666666667,
        "f1": 0.8666666666666667,
        "num_samples": 11
      }
    },
    "overall": {
      "precision": 0.835897435897436,
      "recall": 0.7465085638998683,
      "f1": 0.7859002702038811
    }
  }
}