{
  "dataset": "union",
  "seed": 2021,
  "cuda": true,
  "lower": true,
  "stem": false,
  "train_size": 0.7,
  "char_level": false,
  "max_filter_size": 10,
  "batch_size": 128,
  "embedding_dim": 505,
  "num_filters": 394,
  "hidden_dim": 384,
  "dropout_p": 0.6790014769207979,
  "lr": 0.00029521935915277815,
  "num_epochs": 200,
  "patience": 10,
  "threshold": 0.41552677750587463,
  "num_samples": 3776
}