{
  "overall": {
    "precision": 0.7546554878000974,
    "recall": 0.6666666666666666,
    "f1": 0.6991720065817509,
    "num_samples": 568.0
  },
  "class": {
    "Data Retention": {
      "precision": 0.7777777777777778,
      "recall": 0.30434782608695654,
      "f1": 0.43750000000000006,
      "num_samples": 23.0
    },
    "Data Security": {
      "precision": 0.8269230769230769,
      "recall": 0.7543859649122807,
      "f1": 0.7889908256880734,
      "num_samples": 57.0
    },
    "Do Not Track": {
      "precision": 1.0,
      "recall": 0.8,
      "f1": 0.888888888888889,
      "num_samples": 5.0
    },
    "First Party Collection/Use": {
      "precision": 0.7440944881889764,
      "recall": 0.8289473684210527,
      "f1": 0.7842323651452282,
      "num_samples": 228.0
    },
    "International and Specific Audiences": {
      "precision": 0.9782608695652174,
      "recall": 0.8490566037735849,
      "f1": 0.9090909090909092,
      "num_samples": 53.0
    },
    "Introductory/Generic": {
      "precision": 0.7333333333333333,
      "recall": 0.5409836065573771,
      "f1": 0.6226415094339622,
      "num_samples": 122.0
    },
    "Policy Change": {
      "precision": 0.9411764705882353,
      "recall": 0.5517241379310345,
      "f1": 0.6956521739130435,
      "num_samples": 29.0
    },
    "Practice not covered": {
      "precision": 0.48214285714285715,
      "recall": 0.27835051546391754,
      "f1": 0.35294117647058826,
      "num_samples": 97.0
    },
    "Privacy contact information": {
      "precision": 0.8717948717948718,
      "recall": 0.7083333333333334,
      "f1": 0.7816091954022988,
      "num_samples": 48.0
    },
    "Third Party Sharing/Collection": {
      "precision": 0.813953488372093,
      "recall": 0.7865168539325843,
      "f1": 0.8,
      "num_samples": 178.0
    },
    "User Access, Edit and Deletion": {
      "precision": 0.8,
      "recall": 0.47058823529411764,
      "f1": 0.5925925925925927,
      "num_samples": 34.0
    },
    "User Choice/Control": {
      "precision": 0.6555555555555556,
      "recall": 0.6210526315789474,
      "f1": 0.6378378378378379,
      "num_samples": 95.0
    }
  },
  "report": {
    "Data Retention": {
      "precision": 0.7777777777777778,
      "recall": 0.30434782608695654,
      "f1-score": 0.43750000000000006,
      "support": 23
    },
    "Data Security": {
      "precision": 0.8269230769230769,
      "recall": 0.7543859649122807,
      "f1-score": 0.7889908256880734,
      "support": 57
    },
    "Do Not Track": {
      "precision": 1.0,
      "recall": 0.8,
      "f1-score": 0.888888888888889,
      "support": 5
    },
    "First Party Collection/Use": {
      "precision": 0.7440944881889764,
      "recall": 0.8289473684210527,
      "f1-score": 0.7842323651452282,
      "support": 228
    },
    "International and Specific Audiences": {
      "precision": 0.9782608695652174,
      "recall": 0.8490566037735849,
      "f1-score": 0.9090909090909092,
      "support": 53
    },
    "Introductory/Generic": {
      "precision": 0.7333333333333333,
      "recall": 0.5409836065573771,
      "f1-score": 0.6226415094339622,
      "support": 122
    },
    "Policy Change": {
      "precision": 0.9411764705882353,
      "recall": 0.5517241379310345,
      "f1-score": 0.6956521739130435,
      "support": 29
    },
    "Practice not covered": {
      "precision": 0.48214285714285715,
      "recall": 0.27835051546391754,
      "f1-score": 0.35294117647058826,
      "support": 97
    },
    "Privacy contact information": {
      "precision": 0.8717948717948718,
      "recall": 0.7083333333333334,
      "f1-score": 0.7816091954022988,
      "support": 48
    },
    "Third Party Sharing/Collection": {
      "precision": 0.813953488372093,
      "recall": 0.7865168539325843,
      "f1-score": 0.8,
      "support": 178
    },
    "User Access, Edit and Deletion": {
      "precision": 0.8,
      "recall": 0.47058823529411764,
      "f1-score": 0.5925925925925927,
      "support": 34
    },
    "User Choice/Control": {
      "precision": 0.6555555555555556,
      "recall": 0.6210526315789474,
      "f1-score": 0.6378378378378379,
      "support": 95
    },
    "micro avg": {
      "precision": 0.7608951707891637,
      "recall": 0.6666666666666666,
      "f1-score": 0.7106710671067106,
      "support": 969
    },
    "macro avg": {
      "precision": 0.8020843991034995,
      "recall": 0.6245239231070988,
      "f1-score": 0.6909981228719518,
      "support": 969
    },
    "weighted avg": {
      "precision": 0.7546554878000974,
      "recall": 0.6666666666666666,
      "f1-score": 0.6991720065817509,
      "support": 969
    },
    "samples avg": {
      "precision": 0.7924002347417841,
      "recall": 0.7429577464788732,
      "f1-score": 0.7297535211267606,
      "support": 969
    }
  },
  "slices": {
    "class": {
      "selected_cats": {
        "precision": 0.8421052631578947,
        "recall": 0.48484848484848486,
        "f1": 0.6153846153846154,
        "num_samples": 12
      },
      "short_text": {
        "precision": 0.8333333333333334,
        "recall": 1.0,
        "f1": 0.9090909090909091,
        "num_samples": 11
      }
    },
    "overall": {
      "precision": 0.8379099923722348,
      "recall": 0.7312252964426879,
      "f1": 0.7558528428093645
    }
  }
}