{
  "overall": {
    "precision": 0.756811397038156,
    "recall": 0.6862745098039216,
    "f1": 0.7133048665727195,
    "num_samples": 568.0
  },
  "class": {
    "Data Retention": {
      "precision": 0.7,
      "recall": 0.30434782608695654,
      "f1": 0.42424242424242425,
      "num_samples": 23.0
    },
    "Data Security": {
      "precision": 0.7735849056603774,
      "recall": 0.7192982456140351,
      "f1": 0.7454545454545455,
      "num_samples": 57.0
    },
    "Do Not Track": {
      "precision": 1.0,
      "recall": 0.8,
      "f1": 0.888888888888889,
      "num_samples": 5.0
    },
    "First Party Collection/Use": {
      "precision": 0.758893280632411,
      "recall": 0.8421052631578947,
      "f1": 0.7983367983367983,
      "num_samples": 228.0
    },
    "International and Specific Audiences": {
      "precision": 0.9791666666666666,
      "recall": 0.8867924528301887,
      "f1": 0.9306930693069307,
      "num_samples": 53.0
    },
    "Introductory/Generic": {
      "precision": 0.7216494845360825,
      "recall": 0.5737704918032787,
      "f1": 0.639269406392694,
      "num_samples": 122.0
    },
    "Policy Change": {
      "precision": 0.9047619047619048,
      "recall": 0.6551724137931034,
      "f1": 0.7599999999999999,
      "num_samples": 29.0
    },
    "Practice not covered": {
      "precision": 0.5079365079365079,
      "recall": 0.32989690721649484,
      "f1": 0.4,
      "num_samples": 97.0
    },
    "Privacy contact information": {
      "precision": 0.9166666666666666,
      "recall": 0.6875,
      "f1": 0.7857142857142857,
      "num_samples": 48.0
    },
    "Third Party Sharing/Collection": {
      "precision": 0.7966101694915254,
      "recall": 0.7921348314606742,
      "f1": 0.7943661971830986,
      "num_samples": 178.0
    },
    "User Access, Edit and Deletion": {
      "precision": 0.9090909090909091,
      "recall": 0.5882352941176471,
      "f1": 0.7142857142857143,
      "num_samples": 34.0
    },
    "User Choice/Control": {
      "precision": 0.6629213483146067,
      "recall": 0.6210526315789474,
      "f1": 0.6413043478260869,
      "num_samples": 95.0
    }
  },
  "report": {
    "Data Retention": {
      "precision": 0.7,
      "recall": 0.30434782608695654,
      "f1-score": 0.42424242424242425,
      "support": 23
    },
    "Data Security": {
      "precision": 0.7735849056603774,
      "recall": 0.7192982456140351,
      "f1-score": 0.7454545454545455,
      "support": 57
    },
    "Do Not Track": {
      "precision": 1.0,
      "recall": 0.8,
      "f1-score": 0.888888888888889,
      "support": 5
    },
    "First Party Collection/Use": {
      "precision": 0.758893280632411,
      "recall": 0.8421052631578947,
      "f1-score": 0.7983367983367983,
      "support": 228
    },
    "International and Specific Audiences": {
      "precision": 0.9791666666666666,
      "recall": 0.8867924528301887,
      "f1-score": 0.9306930693069307,
      "support": 53
    },
    "Introductory/Generic": {
      "precision": 0.7216494845360825,
      "recall": 0.5737704918032787,
      "f1-score": 0.639269406392694,
      "support": 122
    },
    "Policy Change": {
      "precision": 0.9047619047619048,
      "recall": 0.6551724137931034,
      "f1-score": 0.7599999999999999,
      "support": 29
    },
    "Practice not covered": {
      "precision": 0.5079365079365079,
      "recall": 0.32989690721649484,
      "f1-score": 0.4,
      "support": 97
    },
    "Privacy contact information": {
      "precision": 0.9166666666666666,
      "recall": 0.6875,
      "f1-score": 0.7857142857142857,
      "support": 48
    },
    "Third Party Sharing/Collection": {
      "precision": 0.7966101694915254,
      "recall": 0.7921348314606742,
      "f1-score": 0.7943661971830986,
      "support": 178
    },
    "User Access, Edit and Deletion": {
      "precision": 0.9090909090909091,
      "recall": 0.5882352941176471,
      "f1-score": 0.7142857142857143,
      "support": 34
    },
    "User Choice/Control": {
      "precision": 0.6629213483146067,
      "recall": 0.6210526315789474,
      "f1-score": 0.6413043478260869,
      "support": 95
    },
    "micro avg": {
      "precision": 0.7617411225658648,
      "recall": 0.6862745098039216,
      "f1-score": 0.7220412595005429,
      "support": 969
    },
    "macro avg": {
      "precision": 0.8026068203131381,
      "recall": 0.650025529804935,
      "f1-score": 0.7102129731359555,
      "support": 969
    },
    "weighted avg": {
      "precision": 0.756811397038156,
      "recall": 0.6862745098039216,
      "f1-score": 0.7133048665727195,
      "support": 969
    },
    "samples avg": {
      "precision": 0.790199530516432,
      "recall": 0.7612969483568075,
      "f1-score": 0.7417337357478202,
      "support": 969
    }
  },
  "slices": {
    "class": {
      "selected_cats": {
        "precision": 0.8333333333333334,
        "recall": 0.45454545454545453,
        "f1": 0.5882352941176471,
        "num_samples": 12
      },
      "short_text": {
        "precision": 0.7777777777777778,
        "recall": 0.9333333333333333,
        "f1": 0.8484848484848485,
        "num_samples": 11
      }
    },
    "overall": {
      "precision": 0.8067632850241548,
      "recall": 0.6835309617918314,
      "f1": 0.7127024722932649
    }
  }
}