{
  "overall": {
    "precision": 0.7694519991158234,
    "recall": 0.7129032258064516,
    "f1": 0.7286988781377074,
    "num_samples": 527.0
  },
  "class": {
    "Data Retention": {
      "precision": 1.0,
      "recall": 0.08333333333333333,
      "f1": 0.15384615384615385,
      "num_samples": 12.0
    },
    "Data Security": {
      "precision": 0.9230769230769231,
      "recall": 0.7741935483870968,
      "f1": 0.8421052631578947,
      "num_samples": 31.0
    },
    "Do Not Track": {
      "precision": 1.0,
      "recall": 0.8,
      "f1": 0.888888888888889,
      "num_samples": 5.0
    },
    "First Party Collection/Use": {
      "precision": 0.7835051546391752,
      "recall": 0.8397790055248618,
      "f1": 0.8106666666666666,
      "num_samples": 181.0
    },
    "International and Specific Audiences": {
      "precision": 0.9,
      "recall": 0.8,
      "f1": 0.8470588235294118,
      "num_samples": 45.0
    },
    "Introductory/Generic": {
      "precision": 0.7674418604651163,
      "recall": 0.559322033898305,
      "f1": 0.6470588235294118,
      "num_samples": 59.0
    },
    "Policy Change": {
      "precision": 0.9375,
      "recall": 0.8333333333333334,
      "f1": 0.8823529411764706,
      "num_samples": 18.0
    },
    "Practice not covered": {
      "precision": 0.0,
      "recall": 0.0,
      "f1": 0.0,
      "num_samples": 20.0
    },
    "Privacy contact information": {
      "precision": 0.7916666666666666,
      "recall": 0.6333333333333333,
      "f1": 0.7037037037037038,
      "num_samples": 30.0
    },
    "Third Party Sharing/Collection": {
      "precision": 0.6987179487179487,
      "recall": 0.7676056338028169,
      "f1": 0.7315436241610739,
      "num_samples": 142.0
    },
    "User Access, Edit and Deletion": {
      "precision": 0.8823529411764706,
      "recall": 0.6521739130434783,
      "f1": 0.75,
      "num_samples": 23.0
    },
    "User Choice/Control": {
      "precision": 0.8095238095238095,
      "recall": 0.6296296296296297,
      "f1": 0.7083333333333334,
      "num_samples": 54.0
    }
  },
  "report": {
    "Data Retention": {
      "precision": 1.0,
      "recall": 0.08333333333333333,
      "f1-score": 0.15384615384615385,
      "support": 12
    },
    "Data Security": {
      "precision": 0.9230769230769231,
      "recall": 0.7741935483870968,
      "f1-score": 0.8421052631578947,
      "support": 31
    },
    "Do Not Track": {
      "precision": 1.0,
      "recall": 0.8,
      "f1-score": 0.888888888888889,
      "support": 5
    },
    "First Party Collection/Use": {
      "precision": 0.7835051546391752,
      "recall": 0.8397790055248618,
      "f1-score": 0.8106666666666666,
      "support": 181
    },
    "International and Specific Audiences": {
      "precision": 0.9,
      "recall": 0.8,
      "f1-score": 0.8470588235294118,
      "support": 45
    },
    "Introductory/Generic": {
      "precision": 0.7674418604651163,
      "recall": 0.559322033898305,
      "f1-score": 0.6470588235294118,
      "support": 59
    },
    "Policy Change": {
      "precision": 0.9375,
      "recall": 0.8333333333333334,
      "f1-score": 0.8823529411764706,
      "support": 18
    },
    "Practice not covered": {
      "precision": 0.0,
      "recall": 0.0,
      "f1-score": 0.0,
      "support": 20
    },
    "Privacy contact information": {
      "precision": 0.7916666666666666,
      "recall": 0.6333333333333333,
      "f1-score": 0.7037037037037038,
      "support": 30
    },
    "Third Party Sharing/Collection": {
      "precision": 0.6987179487179487,
      "recall": 0.7676056338028169,
      "f1-score": 0.7315436241610739,
      "support": 142
    },
    "User Access, Edit and Deletion": {
      "precision": 0.8823529411764706,
      "recall": 0.6521739130434783,
      "f1-score": 0.75,
      "support": 23
    },
    "User Choice/Control": {
      "precision": 0.8095238095238095,
      "recall": 0.6296296296296297,
      "f1-score": 0.7083333333333334,
      "support": 54
    },
    "micro avg": {
      "precision": 0.7836879432624113,
      "recall": 0.7129032258064516,
      "f1-score": 0.7466216216216216,
      "support": 620
    },
    "macro avg": {
      "precision": 0.7911487753555093,
      "recall": 0.6143919803571823,
      "f1-score": 0.6637965184994175,
      "support": 620
    },
    "weighted avg": {
      "precision": 0.7694519991158234,
      "recall": 0.7129032258064516,
      "f1-score": 0.7286988781377074,
      "support": 620
    },
    "samples avg": {
      "precision": 0.7210626185958254,
      "recall": 0.7371916508538899,
      "f1-score": 0.7120809614168248,
      "support": 620
    }
  },
  "slices": {
    "class": {
      "selected_cats": {
        "precision": 1.0,
        "recall": 0.6363636363636364,
        "f1": 0.7777777777777778,
        "num_samples": 5
      },
      "short_text": {
        "precision": 0.875,
        "recall": 1.0,
        "f1": 0.9333333333333333,
        "num_samples": 7
      }
    },
    "overall": {
      "precision": 0.9270833333333334,
      "recall": 0.8484848484848485,
      "f1": 0.8685185185185186
    }
  }
}