{
  "dataset": "union",
  "seed": 2021,
  "cuda": true,
  "lower": true,
  "stem": false,
  "train_size": 0.7,
  "char_level": true,
  "max_filter_size": 10,
  "batch_size": 128,
  "embedding_dim": 185,
  "num_filters": 471,
  "hidden_dim": 439,
  "dropout_p": 0.39435984089162934,
  "lr": 0.00016655669784729164,
  "num_epochs": 200,
  "patience": 10,
  "threshold": 0.3177702724933624,
  "num_samples": 3776
}