{
  "overall": {
    "precision": 0.7665963900035948,
    "recall": 0.6635706914344686,
    "f1": 0.7044406247770953,
    "num_samples": 568.0
  },
  "class": {
    "Data Retention": {
      "precision": 0.7777777777777778,
      "recall": 0.30434782608695654,
      "f1": 0.43750000000000006,
      "num_samples": 23.0
    },
    "Data Security": {
      "precision": 0.851063829787234,
      "recall": 0.7017543859649122,
      "f1": 0.7692307692307693,
      "num_samples": 57.0
    },
    "Do Not Track": {
      "precision": 1.0,
      "recall": 0.8,
      "f1": 0.888888888888889,
      "num_samples": 5.0
    },
    "First Party Collection/Use": {
      "precision": 0.7656903765690377,
      "recall": 0.8026315789473685,
      "f1": 0.78372591006424,
      "num_samples": 228.0
    },
    "International and Specific Audiences": {
      "precision": 0.9791666666666666,
      "recall": 0.8867924528301887,
      "f1": 0.9306930693069307,
      "num_samples": 53.0
    },
    "Introductory/Generic": {
      "precision": 0.7362637362637363,
      "recall": 0.5491803278688525,
      "f1": 0.6291079812206574,
      "num_samples": 122.0
    },
    "Policy Change": {
      "precision": 0.9473684210526315,
      "recall": 0.6206896551724138,
      "f1": 0.75,
      "num_samples": 29.0
    },
    "Practice not covered": {
      "precision": 0.509090909090909,
      "recall": 0.28865979381443296,
      "f1": 0.3684210526315789,
      "num_samples": 97.0
    },
    "Privacy contact information": {
      "precision": 0.8333333333333334,
      "recall": 0.7291666666666666,
      "f1": 0.7777777777777777,
      "num_samples": 48.0
    },
    "Third Party Sharing/Collection": {
      "precision": 0.8383233532934131,
      "recall": 0.7865168539325843,
      "f1": 0.8115942028985507,
      "num_samples": 178.0
    },
    "User Access, Edit and Deletion": {
      "precision": 0.8095238095238095,
      "recall": 0.5,
      "f1": 0.6181818181818182,
      "num_samples": 34.0
    },
    "User Choice/Control": {
      "precision": 0.6477272727272727,
      "recall": 0.6,
      "f1": 0.6229508196721312,
      "num_samples": 95.0
    }
  },
  "report": {
    "Data Retention": {
      "precision": 0.7777777777777778,
      "recall": 0.30434782608695654,
      "f1-score": 0.43750000000000006,
      "support": 23
    },
    "Data Security": {
      "precision": 0.851063829787234,
      "recall": 0.7017543859649122,
      "f1-score": 0.7692307692307693,
      "support": 57
    },
    "Do Not Track": {
      "precision": 1.0,
      "recall": 0.8,
      "f1-score": 0.888888888888889,
      "support": 5
    },
    "First Party Collection/Use": {
      "precision": 0.7656903765690377,
      "recall": 0.8026315789473685,
      "f1-score": 0.78372591006424,
      "support": 228
    },
    "International and Specific Audiences": {
      "precision": 0.9791666666666666,
      "recall": 0.8867924528301887,
      "f1-score": 0.9306930693069307,
      "support": 53
    },
    "Introductory/Generic": {
      "precision": 0.7362637362637363,
      "recall": 0.5491803278688525,
      "f1-score": 0.6291079812206574,
      "support": 122
    },
    "Policy Change": {
      "precision": 0.9473684210526315,
      "recall": 0.6206896551724138,
      "f1-score": 0.75,
      "support": 29
    },
    "Practice not covered": {
      "precision": 0.509090909090909,
      "recall": 0.28865979381443296,
      "f1-score": 0.3684210526315789,
      "support": 97
    },
    "Privacy contact information": {
      "precision": 0.8333333333333334,
      "recall": 0.7291666666666666,
      "f1-score": 0.7777777777777777,
      "support": 48
    },
    "Third Party Sharing/Collection": {
      "precision": 0.8383233532934131,
      "recall": 0.7865168539325843,
      "f1-score": 0.8115942028985507,
      "support": 178
    },
    "User Access, Edit and Deletion": {
      "precision": 0.8095238095238095,
      "recall": 0.5,
      "f1-score": 0.6181818181818182,
      "support": 34
    },
    "User Choice/Control": {
      "precision": 0.6477272727272727,
      "recall": 0.6,
      "f1-score": 0.6229508196721312,
      "support": 95
    },
    "micro avg": {
      "precision": 0.7746987951807229,
      "recall": 0.6635706914344686,
      "f1-score": 0.7148415786548084,
      "support": 969
    },
    "macro avg": {
      "precision": 0.8079441238404851,
      "recall": 0.6308116284403646,
      "f1-score": 0.6990060241561119,
      "support": 969
    },
    "weighted avg": {
      "precision": 0.7665963900035948,
      "recall": 0.6635706914344686,
      "f1-score": 0.7044406247770953,
      "support": 969
    },
    "samples avg": {
      "precision": 0.789612676056338,
      "recall": 0.7350352112676056,
      "f1-score": 0.7280181086519115,
      "support": 969
    }
  },
  "slices": {
    "class": {
      "selected_cats": {
        "precision": 0.8888888888888888,
        "recall": 0.48484848484848486,
        "f1": 0.6274509803921569,
        "num_samples": 12
      },
      "short_text": {
        "precision": 0.8666666666666667,
        "recall": 0.8666666666666667,
        "f1": 0.8666666666666667,
        "num_samples": 11
      }
    },
    "overall": {
      "precision": 0.8782608695652175,
      "recall": 0.6674571805006589,
      "f1": 0.7418584825234443
    }
  }
}