{
  "overall": {
    "precision": 0.7454209327001577,
    "recall": 0.6821465428276574,
    "f1": 0.7054835944010553,
    "num_samples": 568.0
  },
  "class": {
    "Data Retention": {
      "precision": 0.6923076923076923,
      "recall": 0.391304347826087,
      "f1": 0.5,
      "num_samples": 23.0
    },
    "Data Security": {
      "precision": 0.8444444444444444,
      "recall": 0.6666666666666666,
      "f1": 0.7450980392156862,
      "num_samples": 57.0
    },
    "Do Not Track": {
      "precision": 1.0,
      "recall": 1.0,
      "f1": 1.0,
      "num_samples": 5.0
    },
    "First Party Collection/Use": {
      "precision": 0.7611336032388664,
      "recall": 0.8245614035087719,
      "f1": 0.791578947368421,
      "num_samples": 228.0
    },
    "International and Specific Audiences": {
      "precision": 1.0,
      "recall": 0.8679245283018868,
      "f1": 0.9292929292929293,
      "num_samples": 53.0
    },
    "Introductory/Generic": {
      "precision": 0.6732673267326733,
      "recall": 0.5573770491803278,
      "f1": 0.6098654708520179,
      "num_samples": 122.0
    },
    "Policy Change": {
      "precision": 0.8421052631578947,
      "recall": 0.5517241379310345,
      "f1": 0.6666666666666666,
      "num_samples": 29.0
    },
    "Practice not covered": {
      "precision": 0.5178571428571429,
      "recall": 0.29896907216494845,
      "f1": 0.3790849673202615,
      "num_samples": 97.0
    },
    "Privacy contact information": {
      "precision": 0.8536585365853658,
      "recall": 0.7291666666666666,
      "f1": 0.7865168539325843,
      "num_samples": 48.0
    },
    "Third Party Sharing/Collection": {
      "precision": 0.75,
      "recall": 0.8089887640449438,
      "f1": 0.7783783783783783,
      "num_samples": 178.0
    },
    "User Access, Edit and Deletion": {
      "precision": 0.8636363636363636,
      "recall": 0.5588235294117647,
      "f1": 0.6785714285714287,
      "num_samples": 34.0
    },
    "User Choice/Control": {
      "precision": 0.6956521739130435,
      "recall": 0.6736842105263158,
      "f1": 0.6844919786096257,
      "num_samples": 95.0
    }
  },
  "slices": {
    "class": {
      "selected_cats": {
        "precision": 0.8888888888888888,
        "recall": 0.5333333333333333,
        "f1": 0.6666666666666667,
        "num_samples": 5
      },
      "short_text": {
        "precision": 0.8333333333333334,
        "recall": 0.6666666666666666,
        "f1": 0.7407407407407408,
        "num_samples": 11
      }
    },
    "overall": {
      "precision": 0.8506944444444445,
      "recall": 0.625,
      "f1": 0.7175925925925927
    }
  }
}