{
  "overall": {
    "precision": 0.7164791453221305,
    "recall": 0.6604747162022704,
    "f1": 0.6711347633013041,
    "num_samples": 568.0
  },
  "class": {
    "Data Retention": {
      "precision": 0.8,
      "recall": 0.17391304347826086,
      "f1": 0.2857142857142857,
      "num_samples": 23.0
    },
    "Data Security": {
      "precision": 0.7636363636363637,
      "recall": 0.7368421052631579,
      "f1": 0.7499999999999999,
      "num_samples": 57.0
    },
    "Do Not Track": {
      "precision": 1.0,
      "recall": 0.8,
      "f1": 0.888888888888889,
      "num_samples": 5.0
    },
    "First Party Collection/Use": {
      "precision": 0.6701754385964912,
      "recall": 0.8377192982456141,
      "f1": 0.7446393762183235,
      "num_samples": 228.0
    },
    "International and Specific Audiences": {
      "precision": 0.9795918367346939,
      "recall": 0.9056603773584906,
      "f1": 0.9411764705882353,
      "num_samples": 53.0
    },
    "Introductory/Generic": {
      "precision": 0.6703296703296703,
      "recall": 0.5,
      "f1": 0.5727699530516432,
      "num_samples": 122.0
    },
    "Policy Change": {
      "precision": 0.8636363636363636,
      "recall": 0.6551724137931034,
      "f1": 0.7450980392156864,
      "num_samples": 29.0
    },
    "Practice not covered": {
      "precision": 0.5121951219512195,
      "recall": 0.21649484536082475,
      "f1": 0.30434782608695654,
      "num_samples": 97.0
    },
    "Privacy contact information": {
      "precision": 0.8947368421052632,
      "recall": 0.7083333333333334,
      "f1": 0.7906976744186046,
      "num_samples": 48.0
    },
    "Third Party Sharing/Collection": {
      "precision": 0.7433155080213903,
      "recall": 0.7808988764044944,
      "f1": 0.7616438356164383,
      "num_samples": 178.0
    },
    "User Access, Edit and Deletion": {
      "precision": 0.85,
      "recall": 0.5,
      "f1": 0.6296296296296295,
      "num_samples": 34.0
    },
    "User Choice/Control": {
      "precision": 0.6521739130434783,
      "recall": 0.631578947368421,
      "f1": 0.6417112299465241,
      "num_samples": 95.0
    }
  },
  "report": {
    "Data Retention": {
      "precision": 0.8,
      "recall": 0.17391304347826086,
      "f1-score": 0.2857142857142857,
      "support": 23
    },
    "Data Security": {
      "precision": 0.7636363636363637,
      "recall": 0.7368421052631579,
      "f1-score": 0.7499999999999999,
      "support": 57
    },
    "Do Not Track": {
      "precision": 1.0,
      "recall": 0.8,
      "f1-score": 0.888888888888889,
      "support": 5
    },
    "First Party Collection/Use": {
      "precision": 0.6701754385964912,
      "recall": 0.8377192982456141,
      "f1-score": 0.7446393762183235,
      "support": 228
    },
    "International and Specific Audiences": {
      "precision": 0.9795918367346939,
      "recall": 0.9056603773584906,
      "f1-score": 0.9411764705882353,
      "support": 53
    },
    "Introductory/Generic": {
      "precision": 0.6703296703296703,
      "recall": 0.5,
      "f1-score": 0.5727699530516432,
      "support": 122
    },
    "Policy Change": {
      "precision": 0.8636363636363636,
      "recall": 0.6551724137931034,
      "f1-score": 0.7450980392156864,
      "support": 29
    },
    "Practice not covered": {
      "precision": 0.5121951219512195,
      "recall": 0.21649484536082475,
      "f1-score": 0.30434782608695654,
      "support": 97
    },
    "Privacy contact information": {
      "precision": 0.8947368421052632,
      "recall": 0.7083333333333334,
      "f1-score": 0.7906976744186046,
      "support": 48
    },
    "Third Party Sharing/Collection": {
      "precision": 0.7433155080213903,
      "recall": 0.7808988764044944,
      "f1-score": 0.7616438356164383,
      "support": 178
    },
    "User Access, Edit and Deletion": {
      "precision": 0.85,
      "recall": 0.5,
      "f1-score": 0.6296296296296295,
      "support": 34
    },
    "User Choice/Control": {
      "precision": 0.6521739130434783,
      "recall": 0.631578947368421,
      "f1-score": 0.6417112299465241,
      "support": 95
    },
    "micro avg": {
      "precision": 0.7199100112485939,
      "recall": 0.6604747162022704,
      "f1-score": 0.6889128094725511,
      "support": 969
    },
    "macro avg": {
      "precision": 0.7833159215045779,
      "recall": 0.6205511033838084,
      "f1-score": 0.6713597674479347,
      "support": 969
    },
    "weighted avg": {
      "precision": 0.7164791453221305,
      "recall": 0.6604747162022704,
      "f1-score": 0.6711347633013041,
      "support": 969
    },
    "samples avg": {
      "precision": 0.748855633802817,
      "recall": 0.7325410798122066,
      "f1-score": 0.7042588866532529,
      "support": 969
    }
  },
  "slices": {
    "class": {
      "selected_cats": {
        "precision": 0.7619047619047619,
        "recall": 0.48484848484848486,
        "f1": 0.5925925925925926,
        "num_samples": 12
      },
      "short_text": {
        "precision": 0.7368421052631579,
        "recall": 0.9333333333333333,
        "f1": 0.8235294117647058,
        "num_samples": 11
      }
    },
    "overall": {
      "precision": 0.7499182739457338,
      "recall": 0.6993412384716733,
      "f1": 0.703040636544473
    }
  }
}