{
  "overall": {
    "precision": 0.7728387510111143,
    "recall": 0.675954592363261,
    "f1": 0.7132580787351172,
    "num_samples": 568.0
  },
  "class": {
    "Data Retention": {
      "precision": 0.6666666666666666,
      "recall": 0.2608695652173913,
      "f1": 0.37500000000000006,
      "num_samples": 23.0
    },
    "Data Security": {
      "precision": 0.7735849056603774,
      "recall": 0.7192982456140351,
      "f1": 0.7454545454545455,
      "num_samples": 57.0
    },
    "Do Not Track": {
      "precision": 1.0,
      "recall": 0.8,
      "f1": 0.888888888888889,
      "num_samples": 5.0
    },
    "First Party Collection/Use": {
      "precision": 0.7795918367346939,
      "recall": 0.8377192982456141,
      "f1": 0.8076109936575052,
      "num_samples": 228.0
    },
    "International and Specific Audiences": {
      "precision": 0.9791666666666666,
      "recall": 0.8867924528301887,
      "f1": 0.9306930693069307,
      "num_samples": 53.0
    },
    "Introductory/Generic": {
      "precision": 0.7446808510638298,
      "recall": 0.5737704918032787,
      "f1": 0.6481481481481481,
      "num_samples": 122.0
    },
    "Policy Change": {
      "precision": 0.9444444444444444,
      "recall": 0.5862068965517241,
      "f1": 0.7234042553191489,
      "num_samples": 29.0
    },
    "Practice not covered": {
      "precision": 0.5272727272727272,
      "recall": 0.29896907216494845,
      "f1": 0.3815789473684211,
      "num_samples": 97.0
    },
    "Privacy contact information": {
      "precision": 0.9166666666666666,
      "recall": 0.6875,
      "f1": 0.7857142857142857,
      "num_samples": 48.0
    },
    "Third Party Sharing/Collection": {
      "precision": 0.813953488372093,
      "recall": 0.7865168539325843,
      "f1": 0.8,
      "num_samples": 178.0
    },
    "User Access, Edit and Deletion": {
      "precision": 0.9,
      "recall": 0.5294117647058824,
      "f1": 0.6666666666666667,
      "num_samples": 34.0
    },
    "User Choice/Control": {
      "precision": 0.6941176470588235,
      "recall": 0.6210526315789474,
      "f1": 0.6555555555555557,
      "num_samples": 95.0
    }
  },
  "report": {
    "Data Retention": {
      "precision": 0.6666666666666666,
      "recall": 0.2608695652173913,
      "f1-score": 0.37500000000000006,
      "support": 23
    },
    "Data Security": {
      "precision": 0.7735849056603774,
      "recall": 0.7192982456140351,
      "f1-score": 0.7454545454545455,
      "support": 57
    },
    "Do Not Track": {
      "precision": 1.0,
      "recall": 0.8,
      "f1-score": 0.888888888888889,
      "support": 5
    },
    "First Party Collection/Use": {
      "precision": 0.7795918367346939,
      "recall": 0.8377192982456141,
      "f1-score": 0.8076109936575052,
      "support": 228
    },
    "International and Specific Audiences": {
      "precision": 0.9791666666666666,
      "recall": 0.8867924528301887,
      "f1-score": 0.9306930693069307,
      "support": 53
    },
    "Introductory/Generic": {
      "precision": 0.7446808510638298,
      "recall": 0.5737704918032787,
      "f1-score": 0.6481481481481481,
      "support": 122
    },
    "Policy Change": {
      "precision": 0.9444444444444444,
      "recall": 0.5862068965517241,
      "f1-score": 0.7234042553191489,
      "support": 29
    },
    "Practice not covered": {
      "precision": 0.5272727272727272,
      "recall": 0.29896907216494845,
      "f1-score": 0.3815789473684211,
      "support": 97
    },
    "Privacy contact information": {
      "precision": 0.9166666666666666,
      "recall": 0.6875,
      "f1-score": 0.7857142857142857,
      "support": 48
    },
    "Third Party Sharing/Collection": {
      "precision": 0.813953488372093,
      "recall": 0.7865168539325843,
      "f1-score": 0.8,
      "support": 178
    },
    "User Access, Edit and Deletion": {
      "precision": 0.9,
      "recall": 0.5294117647058824,
      "f1-score": 0.6666666666666667,
      "support": 34
    },
    "User Choice/Control": {
      "precision": 0.6941176470588235,
      "recall": 0.6210526315789474,
      "f1-score": 0.6555555555555557,
      "support": 95
    },
    "micro avg": {
      "precision": 0.7806912991656734,
      "recall": 0.675954592363261,
      "f1-score": 0.7245575221238937,
      "support": 969
    },
    "macro avg": {
      "precision": 0.8116788250505825,
      "recall": 0.6323422727203828,
      "f1-score": 0.7007262796733413,
      "support": 969
    },
    "weighted avg": {
      "precision": 0.7728387510111143,
      "recall": 0.675954592363261,
      "f1-score": 0.7132580787351172,
      "support": 969
    },
    "samples avg": {
      "precision": 0.7998826291079811,
      "recall": 0.7522007042253521,
      "f1-score": 0.7419097920858485,
      "support": 969
    }
  },
  "slices": {
    "class": {
      "selected_cats": {
        "precision": 0.8235294117647058,
        "recall": 0.42424242424242425,
        "f1": 0.5599999999999999,
        "num_samples": 12
      },
      "short_text": {
        "precision": 0.8235294117647058,
        "recall": 0.9333333333333333,
        "f1": 0.8749999999999999,
        "num_samples": 11
      }
    },
    "overall": {
      "precision": 0.8235294117647061,
      "recall": 0.6677206851119896,
      "f1": 0.7106521739130435
    }
  }
}