{
  "overall": {
    "precision": 0.77398538619221,
    "recall": 0.6449948400412797,
    "f1": 0.6942035183080204,
    "num_samples": 568.0
  },
  "class": {
    "Data Retention": {
      "precision": 0.625,
      "recall": 0.21739130434782608,
      "f1": 0.3225806451612903,
      "num_samples": 23.0
    },
    "Data Security": {
      "precision": 0.803921568627451,
      "recall": 0.7192982456140351,
      "f1": 0.7592592592592592,
      "num_samples": 57.0
    },
    "Do Not Track": {
      "precision": 1.0,
      "recall": 0.8,
      "f1": 0.888888888888889,
      "num_samples": 5.0
    },
    "First Party Collection/Use": {
      "precision": 0.7605042016806722,
      "recall": 0.793859649122807,
      "f1": 0.7768240343347641,
      "num_samples": 228.0
    },
    "International and Specific Audiences": {
      "precision": 0.9787234042553191,
      "recall": 0.8679245283018868,
      "f1": 0.9199999999999999,
      "num_samples": 53.0
    },
    "Introductory/Generic": {
      "precision": 0.7228915662650602,
      "recall": 0.4918032786885246,
      "f1": 0.5853658536585366,
      "num_samples": 122.0
    },
    "Policy Change": {
      "precision": 0.9444444444444444,
      "recall": 0.5862068965517241,
      "f1": 0.7234042553191489,
      "num_samples": 29.0
    },
    "Practice not covered": {
      "precision": 0.5106382978723404,
      "recall": 0.24742268041237114,
      "f1": 0.33333333333333337,
      "num_samples": 97.0
    },
    "Privacy contact information": {
      "precision": 0.918918918918919,
      "recall": 0.7083333333333334,
      "f1": 0.8000000000000002,
      "num_samples": 48.0
    },
    "Third Party Sharing/Collection": {
      "precision": 0.8518518518518519,
      "recall": 0.7752808988764045,
      "f1": 0.8117647058823529,
      "num_samples": 178.0
    },
    "User Access, Edit and Deletion": {
      "precision": 0.8823529411764706,
      "recall": 0.4411764705882353,
      "f1": 0.5882352941176471,
      "num_samples": 34.0
    },
    "User Choice/Control": {
      "precision": 0.7228915662650602,
      "recall": 0.631578947368421,
      "f1": 0.6741573033707866,
      "num_samples": 95.0
    }
  },
  "report": {
    "Data Retention": {
      "precision": 0.625,
      "recall": 0.21739130434782608,
      "f1-score": 0.3225806451612903,
      "support": 23
    },
    "Data Security": {
      "precision": 0.803921568627451,
      "recall": 0.7192982456140351,
      "f1-score": 0.7592592592592592,
      "support": 57
    },
    "Do Not Track": {
      "precision": 1.0,
      "recall": 0.8,
      "f1-score": 0.888888888888889,
      "support": 5
    },
    "First Party Collection/Use": {
      "precision": 0.7605042016806722,
      "recall": 0.793859649122807,
      "f1-score": 0.7768240343347641,
      "support": 228
    },
    "International and Specific Audiences": {
      "precision": 0.9787234042553191,
      "recall": 0.8679245283018868,
      "f1-score": 0.9199999999999999,
      "support": 53
    },
    "Introductory/Generic": {
      "precision": 0.7228915662650602,
      "recall": 0.4918032786885246,
      "f1-score": 0.5853658536585366,
      "support": 122
    },
    "Policy Change": {
      "precision": 0.9444444444444444,
      "recall": 0.5862068965517241,
      "f1-score": 0.7234042553191489,
      "support": 29
    },
    "Practice not covered": {
      "precision": 0.5106382978723404,
      "recall": 0.24742268041237114,
      "f1-score": 0.33333333333333337,
      "support": 97
    },
    "Privacy contact information": {
      "precision": 0.918918918918919,
      "recall": 0.7083333333333334,
      "f1-score": 0.8000000000000002,
      "support": 48
    },
    "Third Party Sharing/Collection": {
      "precision": 0.8518518518518519,
      "recall": 0.7752808988764045,
      "f1-score": 0.8117647058823529,
      "support": 178
    },
    "User Access, Edit and Deletion": {
      "precision": 0.8823529411764706,
      "recall": 0.4411764705882353,
      "f1-score": 0.5882352941176471,
      "support": 34
    },
    "User Choice/Control": {
      "precision": 0.7228915662650602,
      "recall": 0.631578947368421,
      "f1-score": 0.6741573033707866,
      "support": 95
    },
    "micro avg": {
      "precision": 0.7861635220125787,
      "recall": 0.6449948400412797,
      "f1-score": 0.7086167800453514,
      "support": 969
    },
    "macro avg": {
      "precision": 0.8101782301131325,
      "recall": 0.6066896861004641,
      "f1-score": 0.681984464443834,
      "support": 969
    },
    "weighted avg": {
      "precision": 0.77398538619221,
      "recall": 0.6449948400412797,
      "f1-score": 0.6942035183080204,
      "support": 969
    },
    "samples avg": {
      "precision": 0.7982687793427229,
      "recall": 0.7262323943661971,
      "f1-score": 0.7278001341381624,
      "support": 969
    }
  },
  "slices": {
    "class": {
      "selected_cats": {
        "precision": 0.9411764705882353,
        "recall": 0.48484848484848486,
        "f1": 0.64,
        "num_samples": 12
      },
      "short_text": {
        "precision": 0.8666666666666667,
        "recall": 0.8666666666666667,
        "f1": 0.8666666666666667,
        "num_samples": 11
      }
    },
    "overall": {
      "precision": 0.9055413469735722,
      "recall": 0.6674571805006589,
      "f1": 0.7484057971014495
    }
  }
}