{
  "overall": {
    "precision": 0.7696006971330485,
    "recall": 0.6388028895768834,
    "f1": 0.6823602205470375,
    "num_samples": 568.0
  },
  "class": {
    "Data Retention": {
      "precision": 1.0,
      "recall": 0.17391304347826086,
      "f1": 0.29629629629629634,
      "num_samples": 23.0
    },
    "Data Security": {
      "precision": 0.8,
      "recall": 0.631578947368421,
      "f1": 0.7058823529411765,
      "num_samples": 57.0
    },
    "Do Not Track": {
      "precision": 1.0,
      "recall": 0.8,
      "f1": 0.888888888888889,
      "num_samples": 5.0
    },
    "First Party Collection/Use": {
      "precision": 0.782051282051282,
      "recall": 0.8026315789473685,
      "f1": 0.7922077922077922,
      "num_samples": 228.0
    },
    "International and Specific Audiences": {
      "precision": 0.9534883720930233,
      "recall": 0.7735849056603774,
      "f1": 0.8541666666666667,
      "num_samples": 53.0
    },
    "Introductory/Generic": {
      "precision": 0.6777777777777778,
      "recall": 0.5,
      "f1": 0.5754716981132075,
      "num_samples": 122.0
    },
    "Policy Change": {
      "precision": 0.8947368421052632,
      "recall": 0.5862068965517241,
      "f1": 0.7083333333333333,
      "num_samples": 29.0
    },
    "Practice not covered": {
      "precision": 0.575,
      "recall": 0.23711340206185566,
      "f1": 0.3357664233576642,
      "num_samples": 97.0
    },
    "Privacy contact information": {
      "precision": 0.8918918918918919,
      "recall": 0.6875,
      "f1": 0.7764705882352941,
      "num_samples": 48.0
    },
    "Third Party Sharing/Collection": {
      "precision": 0.7764705882352941,
      "recall": 0.7415730337078652,
      "f1": 0.7586206896551726,
      "num_samples": 178.0
    },
    "User Access, Edit and Deletion": {
      "precision": 0.8666666666666667,
      "recall": 0.38235294117647056,
      "f1": 0.5306122448979592,
      "num_samples": 34.0
    },
    "User Choice/Control": {
      "precision": 0.72,
      "recall": 0.7578947368421053,
      "f1": 0.7384615384615385,
      "num_samples": 95.0
    }
  },
  "report": {
    "Data Retention": {
      "precision": 1.0,
      "recall": 0.17391304347826086,
      "f1-score": 0.29629629629629634,
      "support": 23
    },
    "Data Security": {
      "precision": 0.8,
      "recall": 0.631578947368421,
      "f1-score": 0.7058823529411765,
      "support": 57
    },
    "Do Not Track": {
      "precision": 1.0,
      "recall": 0.8,
      "f1-score": 0.888888888888889,
      "support": 5
    },
    "First Party Collection/Use": {
      "precision": 0.782051282051282,
      "recall": 0.8026315789473685,
      "f1-score": 0.7922077922077922,
      "support": 228
    },
    "International and Specific Audiences": {
      "precision": 0.9534883720930233,
      "recall": 0.7735849056603774,
      "f1-score": 0.8541666666666667,
      "support": 53
    },
    "Introductory/Generic": {
      "precision": 0.6777777777777778,
      "recall": 0.5,
      "f1-score": 0.5754716981132075,
      "support": 122
    },
    "Policy Change": {
      "precision": 0.8947368421052632,
      "recall": 0.5862068965517241,
      "f1-score": 0.7083333333333333,
      "support": 29
    },
    "Practice not covered": {
      "precision": 0.575,
      "recall": 0.23711340206185566,
      "f1-score": 0.3357664233576642,
      "support": 97
    },
    "Privacy contact information": {
      "precision": 0.8918918918918919,
      "recall": 0.6875,
      "f1-score": 0.7764705882352941,
      "support": 48
    },
    "Third Party Sharing/Collection": {
      "precision": 0.7764705882352941,
      "recall": 0.7415730337078652,
      "f1-score": 0.7586206896551726,
      "support": 178
    },
    "User Access, Edit and Deletion": {
      "precision": 0.8666666666666667,
      "recall": 0.38235294117647056,
      "f1-score": 0.5306122448979592,
      "support": 34
    },
    "User Choice/Control": {
      "precision": 0.72,
      "recall": 0.7578947368421053,
      "f1-score": 0.7384615384615385,
      "support": 95
    },
    "micro avg": {
      "precision": 0.7727840199750312,
      "recall": 0.6388028895768834,
      "f1-score": 0.6994350282485876,
      "support": 969
    },
    "macro avg": {
      "precision": 0.8281736184017667,
      "recall": 0.589529123816204,
      "f1-score": 0.6634315427545825,
      "support": 969
    },
    "weighted avg": {
      "precision": 0.7696006971330485,
      "recall": 0.6388028895768834,
      "f1-score": 0.6823602205470375,
      "support": 969
    },
    "samples avg": {
      "precision": 0.7703931924882629,
      "recall": 0.7166079812206573,
      "f1-score": 0.7096244131455398,
      "support": 969
    }
  },
  "slices": {
    "class": {
      "selected_cats": {
        "precision": 0.8235294117647058,
        "recall": 0.42424242424242425,
        "f1": 0.5599999999999999,
        "num_samples": 12
      },
      "short_text": {
        "precision": 0.8666666666666667,
        "recall": 0.8666666666666667,
        "f1": 0.8666666666666667,
        "num_samples": 11
      }
    },
    "overall": {
      "precision": 0.8441602728047741,
      "recall": 0.6358366271409751,
      "f1": 0.7066666666666669
    }
  }
}