{
  "overall": {
    "precision": 0.7762943787569212,
    "recall": 0.6687306501547987,
    "f1": 0.7105994718161809,
    "num_samples": 568.0
  },
  "class": {
    "Data Retention": {
      "precision": 0.6666666666666666,
      "recall": 0.2608695652173913,
      "f1": 0.37500000000000006,
      "num_samples": 23.0
    },
    "Data Security": {
      "precision": 0.7884615384615384,
      "recall": 0.7192982456140351,
      "f1": 0.7522935779816514,
      "num_samples": 57.0
    },
    "Do Not Track": {
      "precision": 1.0,
      "recall": 0.8,
      "f1": 0.888888888888889,
      "num_samples": 5.0
    },
    "First Party Collection/Use": {
      "precision": 0.7795918367346939,
      "recall": 0.8377192982456141,
      "f1": 0.8076109936575052,
      "num_samples": 228.0
    },
    "International and Specific Audiences": {
      "precision": 0.9787234042553191,
      "recall": 0.8679245283018868,
      "f1": 0.9199999999999999,
      "num_samples": 53.0
    },
    "Introductory/Generic": {
      "precision": 0.7640449438202247,
      "recall": 0.5573770491803278,
      "f1": 0.6445497630331753,
      "num_samples": 122.0
    },
    "Policy Change": {
      "precision": 0.9444444444444444,
      "recall": 0.5862068965517241,
      "f1": 0.7234042553191489,
      "num_samples": 29.0
    },
    "Practice not covered": {
      "precision": 0.509090909090909,
      "recall": 0.28865979381443296,
      "f1": 0.3684210526315789,
      "num_samples": 97.0
    },
    "Privacy contact information": {
      "precision": 0.9166666666666666,
      "recall": 0.6875,
      "f1": 0.7857142857142857,
      "num_samples": 48.0
    },
    "Third Party Sharing/Collection": {
      "precision": 0.8203592814371258,
      "recall": 0.7696629213483146,
      "f1": 0.7942028985507247,
      "num_samples": 178.0
    },
    "User Access, Edit and Deletion": {
      "precision": 0.9,
      "recall": 0.5294117647058824,
      "f1": 0.6666666666666667,
      "num_samples": 34.0
    },
    "User Choice/Control": {
      "precision": 0.7023809523809523,
      "recall": 0.6210526315789474,
      "f1": 0.6592178770949721,
      "num_samples": 95.0
    }
  },
  "report": {
    "Data Retention": {
      "precision": 0.6666666666666666,
      "recall": 0.2608695652173913,
      "f1-score": 0.37500000000000006,
      "support": 23
    },
    "Data Security": {
      "precision": 0.7884615384615384,
      "recall": 0.7192982456140351,
      "f1-score": 0.7522935779816514,
      "support": 57
    },
    "Do Not Track": {
      "precision": 1.0,
      "recall": 0.8,
      "f1-score": 0.888888888888889,
      "support": 5
    },
    "First Party Collection/Use": {
      "precision": 0.7795918367346939,
      "recall": 0.8377192982456141,
      "f1-score": 0.8076109936575052,
      "support": 228
    },
    "International and Specific Audiences": {
      "precision": 0.9787234042553191,
      "recall": 0.8679245283018868,
      "f1-score": 0.9199999999999999,
      "support": 53
    },
    "Introductory/Generic": {
      "precision": 0.7640449438202247,
      "recall": 0.5573770491803278,
      "f1-score": 0.6445497630331753,
      "support": 122
    },
    "Policy Change": {
      "precision": 0.9444444444444444,
      "recall": 0.5862068965517241,
      "f1-score": 0.7234042553191489,
      "support": 29
    },
    "Practice not covered": {
      "precision": 0.509090909090909,
      "recall": 0.28865979381443296,
      "f1-score": 0.3684210526315789,
      "support": 97
    },
    "Privacy contact information": {
      "precision": 0.9166666666666666,
      "recall": 0.6875,
      "f1-score": 0.7857142857142857,
      "support": 48
    },
    "Third Party Sharing/Collection": {
      "precision": 0.8203592814371258,
      "recall": 0.7696629213483146,
      "f1-score": 0.7942028985507247,
      "support": 178
    },
    "User Access, Edit and Deletion": {
      "precision": 0.9,
      "recall": 0.5294117647058824,
      "f1-score": 0.6666666666666667,
      "support": 34
    },
    "User Choice/Control": {
      "precision": 0.7023809523809523,
      "recall": 0.6210526315789474,
      "f1-score": 0.6592178770949721,
      "support": 95
    },
    "micro avg": {
      "precision": 0.784503631961259,
      "recall": 0.6687306501547987,
      "f1-score": 0.7220055710306407,
      "support": 969
    },
    "macro avg": {
      "precision": 0.8142025536632117,
      "recall": 0.6271402245465464,
      "f1-score": 0.6988308549615497,
      "support": 969
    },
    "weighted avg": {
      "precision": 0.7762943787569212,
      "recall": 0.6687306501547987,
      "f1-score": 0.7105994718161809,
      "support": 969
    },
    "samples avg": {
      "precision": 0.8031103286384976,
      "recall": 0.7457453051643192,
      "f1-score": 0.7402665995975856,
      "support": 969
    }
  },
  "slices": {
    "class": {
      "selected_cats": {
        "precision": 0.8125,
        "recall": 0.3939393939393939,
        "f1": 0.5306122448979591,
        "num_samples": 12
      },
      "short_text": {
        "precision": 0.8125,
        "recall": 0.8666666666666667,
        "f1": 0.8387096774193549,
        "num_samples": 11
      }
    },
    "overall": {
      "precision": 0.8125,
      "recall": 0.6200263504611333,
      "f1": 0.6779631908864525
    }
  }
}