{
  "overall": {
    "precision": 0.7025360996869789,
    "recall": 0.6367389060887513,
    "f1": 0.6587545372175984,
    "num_samples": 568.0
  },
  "class": {
    "Data Retention": {
      "precision": 0.8333333333333334,
      "recall": 0.21739130434782608,
      "f1": 0.3448275862068966,
      "num_samples": 23.0
    },
    "Data Security": {
      "precision": 0.7547169811320755,
      "recall": 0.7017543859649122,
      "f1": 0.7272727272727273,
      "num_samples": 57.0
    },
    "Do Not Track": {
      "precision": 1.0,
      "recall": 0.6,
      "f1": 0.7499999999999999,
      "num_samples": 5.0
    },
    "First Party Collection/Use": {
      "precision": 0.7398373983739838,
      "recall": 0.7982456140350878,
      "f1": 0.7679324894514769,
      "num_samples": 228.0
    },
    "International and Specific Audiences": {
      "precision": 0.94,
      "recall": 0.8867924528301887,
      "f1": 0.912621359223301,
      "num_samples": 53.0
    },
    "Introductory/Generic": {
      "precision": 0.6140350877192983,
      "recall": 0.5737704918032787,
      "f1": 0.5932203389830507,
      "num_samples": 122.0
    },
    "Policy Change": {
      "precision": 0.8571428571428571,
      "recall": 0.41379310344827586,
      "f1": 0.5581395348837208,
      "num_samples": 29.0
    },
    "Practice not covered": {
      "precision": 0.36065573770491804,
      "recall": 0.2268041237113402,
      "f1": 0.27848101265822783,
      "num_samples": 97.0
    },
    "Privacy contact information": {
      "precision": 0.8648648648648649,
      "recall": 0.6666666666666666,
      "f1": 0.7529411764705882,
      "num_samples": 48.0
    },
    "Third Party Sharing/Collection": {
      "precision": 0.7633136094674556,
      "recall": 0.7247191011235955,
      "f1": 0.7435158501440922,
      "num_samples": 178.0
    },
    "User Access, Edit and Deletion": {
      "precision": 0.7,
      "recall": 0.4117647058823529,
      "f1": 0.5185185185185185,
      "num_samples": 34.0
    },
    "User Choice/Control": {
      "precision": 0.6224489795918368,
      "recall": 0.6421052631578947,
      "f1": 0.6321243523316062,
      "num_samples": 95.0
    }
  },
  "report": {
    "Data Retention": {
      "precision": 0.8333333333333334,
      "recall": 0.21739130434782608,
      "f1-score": 0.3448275862068966,
      "support": 23
    },
    "Data Security": {
      "precision": 0.7547169811320755,
      "recall": 0.7017543859649122,
      "f1-score": 0.7272727272727273,
      "support": 57
    },
    "Do Not Track": {
      "precision": 1.0,
      "recall": 0.6,
      "f1-score": 0.7499999999999999,
      "support": 5
    },
    "First Party Collection/Use": {
      "precision": 0.7398373983739838,
      "recall": 0.7982456140350878,
      "f1-score": 0.7679324894514769,
      "support": 228
    },
    "International and Specific Audiences": {
      "precision": 0.94,
      "recall": 0.8867924528301887,
      "f1-score": 0.912621359223301,
      "support": 53
    },
    "Introductory/Generic": {
      "precision": 0.6140350877192983,
      "recall": 0.5737704918032787,
      "f1-score": 0.5932203389830507,
      "support": 122
    },
    "Policy Change": {
      "precision": 0.8571428571428571,
      "recall": 0.41379310344827586,
      "f1-score": 0.5581395348837208,
      "support": 29
    },
    "Practice not covered": {
      "precision": 0.36065573770491804,
      "recall": 0.2268041237113402,
      "f1-score": 0.27848101265822783,
      "support": 97
    },
    "Privacy contact information": {
      "precision": 0.8648648648648649,
      "recall": 0.6666666666666666,
      "f1-score": 0.7529411764705882,
      "support": 48
    },
    "Third Party Sharing/Collection": {
      "precision": 0.7633136094674556,
      "recall": 0.7247191011235955,
      "f1-score": 0.7435158501440922,
      "support": 178
    },
    "User Access, Edit and Deletion": {
      "precision": 0.7,
      "recall": 0.4117647058823529,
      "f1-score": 0.5185185185185185,
      "support": 34
    },
    "User Choice/Control": {
      "precision": 0.6224489795918368,
      "recall": 0.6421052631578947,
      "f1-score": 0.6321243523316062,
      "support": 95
    },
    "micro avg": {
      "precision": 0.7083811710677382,
      "recall": 0.6367389060887513,
      "f1-score": 0.6706521739130434,
      "support": 969
    },
    "macro avg": {
      "precision": 0.7541957374442186,
      "recall": 0.571983934414285,
      "f1-score": 0.6316329121786839,
      "support": 969
    },
    "weighted avg": {
      "precision": 0.7025360996869789,
      "recall": 0.6367389060887513,
      "f1-score": 0.6587545372175984,
      "support": 969
    },
    "samples avg": {
      "precision": 0.732981220657277,
      "recall": 0.7154929577464788,
      "f1-score": 0.6847501676727029,
      "support": 969
    }
  },
  "slices": {
    "class": {
      "selected_cats": {
        "precision": 0.7647058823529411,
        "recall": 0.3939393939393939,
        "f1": 0.5199999999999999,
        "num_samples": 12
      },
      "short_text": {
        "precision": 0.9166666666666666,
        "recall": 0.7333333333333333,
        "f1": 0.8148148148148148,
        "num_samples": 11
      }
    },
    "overall": {
      "precision": 0.837382779198636,
      "recall": 0.5562582345191038,
      "f1": 0.6609983896940418
    }
  }
}