{
  "overall": {
    "precision": 0.7081860164455204,
    "recall": 0.7079463364293086,
    "f1": 0.6977651757259035,
    "num_samples": 568.0
  },
  "class": {
    "Data Retention": {
      "precision": 0.8,
      "recall": 0.34782608695652173,
      "f1": 0.48484848484848486,
      "num_samples": 23.0
    },
    "Data Security": {
      "precision": 0.7307692307692307,
      "recall": 0.6666666666666666,
      "f1": 0.6972477064220183,
      "num_samples": 57.0
    },
    "Do Not Track": {
      "precision": 1.0,
      "recall": 1.0,
      "f1": 1.0,
      "num_samples": 5.0
    },
    "First Party Collection/Use": {
      "precision": 0.7107142857142857,
      "recall": 0.8728070175438597,
      "f1": 0.7834645669291339,
      "num_samples": 228.0
    },
    "International and Specific Audiences": {
      "precision": 0.96,
      "recall": 0.9056603773584906,
      "f1": 0.9320388349514563,
      "num_samples": 53.0
    },
    "Introductory/Generic": {
      "precision": 0.6363636363636364,
      "recall": 0.5737704918032787,
      "f1": 0.6034482758620691,
      "num_samples": 122.0
    },
    "Policy Change": {
      "precision": 0.85,
      "recall": 0.5862068965517241,
      "f1": 0.6938775510204082,
      "num_samples": 29.0
    },
    "Practice not covered": {
      "precision": 0.5151515151515151,
      "recall": 0.35051546391752575,
      "f1": 0.4171779141104294,
      "num_samples": 97.0
    },
    "Privacy contact information": {
      "precision": 0.8333333333333334,
      "recall": 0.625,
      "f1": 0.7142857142857143,
      "num_samples": 48.0
    },
    "Third Party Sharing/Collection": {
      "precision": 0.6834862385321101,
      "recall": 0.8370786516853933,
      "f1": 0.7525252525252525,
      "num_samples": 178.0
    },
    "User Access, Edit and Deletion": {
      "precision": 0.8571428571428571,
      "recall": 0.5294117647058824,
      "f1": 0.6545454545454545,
      "num_samples": 34.0
    },
    "User Choice/Control": {
      "precision": 0.6862745098039216,
      "recall": 0.7368421052631579,
      "f1": 0.7106598984771574,
      "num_samples": 95.0
    }
  },
  "report": {
    "Data Retention": {
      "precision": 0.8,
      "recall": 0.34782608695652173,
      "f1-score": 0.48484848484848486,
      "support": 23
    },
    "Data Security": {
      "precision": 0.7307692307692307,
      "recall": 0.6666666666666666,
      "f1-score": 0.6972477064220183,
      "support": 57
    },
    "Do Not Track": {
      "precision": 1.0,
      "recall": 1.0,
      "f1-score": 1.0,
      "support": 5
    },
    "First Party Collection/Use": {
      "precision": 0.7107142857142857,
      "recall": 0.8728070175438597,
      "f1-score": 0.7834645669291339,
      "support": 228
    },
    "International and Specific Audiences": {
      "precision": 0.96,
      "recall": 0.9056603773584906,
      "f1-score": 0.9320388349514563,
      "support": 53
    },
    "Introductory/Generic": {
      "precision": 0.6363636363636364,
      "recall": 0.5737704918032787,
      "f1-score": 0.6034482758620691,
      "support": 122
    },
    "Policy Change": {
      "precision": 0.85,
      "recall": 0.5862068965517241,
      "f1-score": 0.6938775510204082,
      "support": 29
    },
    "Practice not covered": {
      "precision": 0.5151515151515151,
      "recall": 0.35051546391752575,
      "f1-score": 0.4171779141104294,
      "support": 97
    },
    "Privacy contact information": {
      "precision": 0.8333333333333334,
      "recall": 0.625,
      "f1-score": 0.7142857142857143,
      "support": 48
    },
    "Third Party Sharing/Collection": {
      "precision": 0.6834862385321101,
      "recall": 0.8370786516853933,
      "f1-score": 0.7525252525252525,
      "support": 178
    },
    "User Access, Edit and Deletion": {
      "precision": 0.8571428571428571,
      "recall": 0.5294117647058824,
      "f1-score": 0.6545454545454545,
      "support": 34
    },
    "User Choice/Control": {
      "precision": 0.6862745098039216,
      "recall": 0.7368421052631579,
      "f1-score": 0.7106598984771574,
      "support": 95
    },
    "micro avg": {
      "precision": 0.7072164948453609,
      "recall": 0.7079463364293086,
      "f1-score": 0.7075812274368232,
      "support": 969
    },
    "macro avg": {
      "precision": 0.7719363005675741,
      "recall": 0.669315460204375,
      "f1-score": 0.7036766378314648,
      "support": 969
    },
    "weighted avg": {
      "precision": 0.7081860164455204,
      "recall": 0.7079463364293086,
      "f1-score": 0.6977651757259035,
      "support": 969
    },
    "samples avg": {
      "precision": 0.7433978873239436,
      "recall": 0.7707453051643192,
      "f1-score": 0.7205860160965795,
      "support": 969
    }
  },
  "slices": {
    "class": {
      "selected_cats": {
        "precision": 0.8666666666666667,
        "recall": 0.7878787878787878,
        "f1": 0.8253968253968254,
        "num_samples": 12
      },
      "short_text": {
        "precision": 0.8,
        "recall": 0.8,
        "f1": 0.8000000000000002,
        "num_samples": 11
      }
    },
    "overall": {
      "precision": 0.8347826086956525,
      "recall": 0.7936758893280633,
      "f1": 0.8132505175983439
    }
  }
}